app,ios_rating,ios_reviews,play_rating,play_reviews,weekly_price_usd,has_free_episodes,platforms,snapshot_date
DramaBox,,,4.6,,5.99,yes,"iOS, Android, Web",2026-10-02
ReelShort,4.7,,4.2,,19.99,yes,"iOS, Android, Web",2026-10-02
ShortMax,,,4.5,,19.99,yes,"iOS, Android, Web, TV",2026-10-02
NetShort,4.7,,4.6,,19.99,yes,"iOS, Android, Web",2026-10-02
GoodShort,,,4.9,,,,yes,"iOS, Android, Web",2026-10-02
KalosTV,,,,,,yes,"iOS, Android, Web",2026-10-02
FlickReels,,,,,,yes,"iOS, Android",2026-10-02
FlareFlow,4.7,,4.2,,19.99,yes,"iOS, Android, Google TV",2026-10-02
Playlet,,,,,,yes,"iOS, Android",2026-10-02
StardustTV,4.7,,,,,yes,"iOS, Android, Web",2026-10-02
MoboReels,4.56,38700,,,,yes,"iOS, Android",2026-10-02
Veloria,,,,,,yes,"iOS, Android",2026-10-02
StarShort,,,,,,yes,"iOS, Android",2026-10-02
TopShort,,,,,,yes,"iOS, Android",2026-10-02
HoneyReels,,,,,,14.99,yes,"iOS, Android",2026-10-02
Sereal+,4.5,,3.3,,12.99,yes,"iOS, Android, Web",2026-10-02
TouchShort,4.6,,4.3,,9.99,yes,"iOS, Android",2026-10-02
Footage,,,,,,yes,"iOS, Android",2026-10-02
SagaBox,,,,,2.89,yes,Web,2026-10-02
ShortPeak,,,,,,,,2026-10-02
YourChannel,,,,,,yes,Web,2026-10-02
